{"cameraMode":{"drawMode":0,"name":"Shaded","section":"Shading Mode"},"sceneLighting":false,"audioPlay":false,"sceneViewState":{"showFog":true,"showMaterialUpdate":false,"showSkybox":false,"showFlares":true,"showImageEffects":true,"showParticleSystems":true},"in2DMode":false,"pivot":{"x":4.53256893157959,"y":1.8062567710876465,"z":3.1980936527252199},"rotation":{"x":0.393439918756485,"y":0.011032257229089737,"z":-0.004720694851130247,"w":0.9192798733711243},"size":1.4660253524780274,"orthographic":false}